text,label
L_I_N_K_631,1
OOx_CASH_48,1
ArtLover617,0
oXX_CASH_45,1
AoO_CASH_62,1
NatureFan198,0
oXx_CASH_73,1
Emily_31,0
xXx_CASH_22,1
Emily_43,0
â–’ILAYâ–’â–’BIOâ–’,1
xXo_CASH_32,1
duqyr_261,1
Alex_58,0
AaA_CASH_30,1
NatureFan903,0
OOX_CASH_37,1
ArtLover527,0
John_71,0
Techie965,0
Alex_78,0
NatureFan445,0
ðŸ’‹OFFER_DEALðŸ’‹,1
NatureFan566,0
NatureFan189,0
John_18,0
L_I_N_K_795,1
â–’LYMJâ–’â–’BIOâ–’,1
NatureFan193,0
NatureFan453,0
Techie512,0
Alex_41,0
Alex_13,0
â–’SNIVâ–’â–’BIOâ–’,1
L_I_N_K_289,1
NatureFan819,0
Techie632,0
Techie738,0
â–’PBTOâ–’â–’BIOâ–’,1
ekhtz_569,1
L_I_N_K_636,1
ylyvw_854,1
â–’DEBBâ–’â–’BIOâ–’,1
â–’PVOTâ–’â–’BIOâ–’,1
John_74,0
NatureFan285,0
Techie536,0
OOa_CASH_78,1
Techie900,0
pyeyy_617,1
XaO_CASH_10,1
Xoo_CASH_50,1
Emily_65,0
nvsxf_996,1
L_I_N_K_933,1
John_72,0
NatureFan210,0
NatureFan400,0
xOa_CASH_17,1
â–’IRSWâ–’â–’BIOâ–’,1
NatureFan387,0
ArtLover923,0
â–’PLXPâ–’â–’BIOâ–’,1
OOx_CASH_64,1
ArtLover795,0
Alex_10,0
XAO_CASH_94,1
â–’QBNBâ–’â–’BIOâ–’,1
áƒ¦Mystic_Windsáƒ¦,0
â–’AKNGâ–’â–’BIOâ–’,1
ArtLover211,0
â–’GISZâ–’â–’BIOâ–’,1
â–’PQHYâ–’â–’BIOâ–’,1
L_I_N_K_391,1
John_19,0
xAx_CASH_59,1
â–’EALRâ–’â–’BIOâ–’,1
John_46,0
ArtLover390,0
aXa_CASH_90,1
joacs_910,1
Techie351,0
NatureFan990,0
Emily_12,0
ðŸ”¥FREE_WINðŸ”¥,1
L_I_N_K_349,1
ArtLover985,0
L_I_N_K_651,1
OOx_CASH_95,1
hgvgd_785,1
AoO_CASH_88,1
ArtLover667,0
Techie238,0
Alex_52,0
Emily_37,0
wrcnj_428,1
â–’HUXFâ–’â–’BIOâ–’,1
L_I_N_K_652,1
xmjhn_407,1
L_I_N_K_804,1
L_I_N_K_334,1
Techie863,0
Techie592,0
epfcs_704,1
áƒ¦Silver_Windsáƒ¦,0
ArtLover399,0
L_I_N_K_957,1
AAO_CASH_66,1
â–’LMWXâ–’â–’BIOâ–’,1
L_I_N_K_374,1
Axo_CASH_78,1
ArtLover145,0
L_I_N_K_646,1
XOX_CASH_44,1
Alex_75,0
Techie935,0
Alex_11,0
Techie848,0
Alex_62,0
dvxnx_322,1
NatureFan574,0
L_I_N_K_183,1
ffmij_322,1
NatureFan779,0
NatureFan475,0
tzazy_143,1
NatureFan637,0
Techie165,0
â–’FGKMâ–’â–’BIOâ–’,1
L_I_N_K_968,1
Techie497,0
L_I_N_K_115,1
NatureFan871,0
â–’CKEZâ–’â–’BIOâ–’,1
XoO_CASH_63,1
L_I_N_K_990,1
â–’VQAAâ–’â–’BIOâ–’,1
NatureFan925,0
â–’ESPVâ–’â–’BIOâ–’,1
â–’BFWVâ–’â–’BIOâ–’,1
NatureFan718,0
John_68,0
NatureFan622,0
Emily_22,0
John_17,0
Alex_95,0
ArtLover351,0
â–’AVVCâ–’â–’BIOâ–’,1
Emily_85,0
NatureFan145,0
John_21,0
ArtLover187,0
Emily_28,0
â–’WFWDâ–’â–’BIOâ–’,1
OaO_CASH_74,1
Emily_93,0
aaO_CASH_78,1
Emily_89,0
ArtLover606,0
Techie852,0
Emily_84,0
aXa_CASH_53,1
â–’YKFYâ–’â–’BIOâ–’,1
mbwij_698,1
L_I_N_K_150,1
Alex_42,0
Alex_92,0
ArtLover559,0
Techie376,0
Emily_36,0
L_I_N_K_973,1
ArtLover906,0
â–’GORFâ–’â–’BIOâ–’,1
John_33,0
âœ§Nova_Dreamerâœ§,0
NatureFan467,0
Axo_CASH_24,1
Emily_33,0
Techie255,0
ArtLover732,0
â–’KKOGâ–’â–’BIOâ–’,1
NatureFan787,0
Emily_32,0
XXa_CASH_63,1
L_I_N_K_516,1
Techie233,0
nngof_220,1
ArtLover601,0
Techie253,0
L_I_N_K_185,1
acaoz_693,1
Bake_With_Mia,0
John_15,0
Techie183,0
Techie331,0
lgxcw_362,1
Alex_85,0
sgpzi_564,1
ArtLover726,0
OaO_CASH_20,1
NatureFan415,0
L_I_N_K_381,1
L_I_N_K_253,1
NatureFan875,0
L_I_N_K_483,1
L_I_N_K_423,1
â–’SMNRâ–’â–’BIOâ–’,1
Alex_55,0
Emily_71,0
ArtLover100,0
NatureFan725,0
John_37,0
iffiw_119,1
L_I_N_K_452,1
â–’ZKRMâ–’â–’BIOâ–’,1
Techie484,0
L_I_N_K_564,1
ArtLover471,0
ArtLover936,0
L_I_N_K_417,1
â–’HLPDâ–’â–’BIOâ–’,1
Techie186,0
â–’DGJAâ–’â–’BIOâ–’,1
ArtLover849,0
L_I_N_K_190,1
yfofi_642,1
L_I_N_K_662,1
â–’VSVWâ–’â–’BIOâ–’,1
Emily_19,0
Emily_97,0
NatureFan658,0
â–’EEHBâ–’â–’BIOâ–’,1
â–’IUCCâ–’â–’BIOâ–’,1
vykiq_591,1
ArtLover455,0
ðŸ’‹DEAL_OFFERðŸ’‹,1
OAA_CASH_97,1
L_I_N_K_144,1
Alex_39,0
â–’ACDIâ–’â–’BIOâ–’,1
â–’AGAUâ–’â–’BIOâ–’,1
Techie728,0
John_54,0
NatureFan657,0
Emily_17,0
ArtLover631,0
â–’YKSDâ–’â–’BIOâ–’,1
ArtLover276,0
â–’ZFZGâ–’â–’BIOâ–’,1
ðŸ”¥FREE_HOTðŸ”¥,1
L_I_N_K_743,1
Oox_CASH_22,1
â–’ORGXâ–’â–’BIOâ–’,1
L_I_N_K_357,1
L_I_N_K_963,1
ðŸ”¥HOT_WINðŸ”¥,1
ArtLover385,0
â–’OLFUâ–’â–’BIOâ–’,1
ArtLover174,0
NatureFan201,0
ArtLover327,0
ArtLover577,0
â–’RDDPâ–’â–’BIOâ–’,1
NatureFan312,0
L_I_N_K_971,1
dphjh_244,1
oXA_CASH_98,1
vbrss_693,1
zeove_421,1
ArtLover503,0
Alex_82,0
ArtLover212,0
NatureFan781,0
â–’SGSKâ–’â–’BIOâ–’,1
Alex_57,0
Emily_59,0
blugz_418,1
L_I_N_K_575,1
â–’OOKIâ–’â–’BIOâ–’,1
XOx_CASH_94,1
â–’BYGZâ–’â–’BIOâ–’,1
Techie137,0
John_44,0
L_I_N_K_703,1
NatureFan289,0
Techie772,0
ArtLover960,0
ArtLover498,0
â–’OYAAâ–’â–’BIOâ–’,1
Oaa_CASH_38,1
L_I_N_K_738,1
ArtLover460,0
ArtLover147,0
ArtLover311,0
â–’YLMZâ–’â–’BIOâ–’,1
xoX_CASH_67,1
Techie248,0
Techie594,0
ArtLover238,0
â–’HCEJâ–’â–’BIOâ–’,1
Techie686,0
Emily_46,0
L_I_N_K_145,1
L_I_N_K_266,1
cdjco_236,1
L_I_N_K_402,1
Techie419,0
amwuh_551,1
L_I_N_K_906,1
OXO_CASH_19,1
mersx_395,1
L_I_N_K_658,1
AxO_CASH_13,1
Alex_93,0
L_I_N_K_826,1
â–’ILTFâ–’â–’BIOâ–’,1
Techie995,0
ArtLover524,0
ArtLover137,0
Techie157,0
L_I_N_K_458,1
tjdoi_776,1
lcijt_844,1
ArtLover848,0
â–’TZQYâ–’â–’BIOâ–’,1
L_I_N_K_749,1
John_78,0
L_I_N_K_832,1
nyflr_221,1
oevqd_227,1
Alex_53,0
Aax_CASH_93,1
nntvy_631,1
rmydf_275,1
â–’VHZYâ–’â–’BIOâ–’,1
John_75,0
AXo_CASH_60,1
aaA_CASH_59,1
Alex_63,0
NatureFan851,0
NatureFan114,0
NatureFan248,0
â–’DSKJâ–’â–’BIOâ–’,1
ArtLover514,0
â–’CJTNâ–’â–’BIOâ–’,1
psynj_128,1
John_23,0
XxA_CASH_25,1
ArtLover790,0
NatureFan857,0
â–’LGAVâ–’â–’BIOâ–’,1
NatureFan515,0
â–’DDMXâ–’â–’BIOâ–’,1
Techie199,0
Alex_25,0
Emily_30,0
L_I_N_K_993,1
Alex_54,0
NatureFan217,0
OxO_CASH_32,1
L_I_N_K_695,1
vtguc_451,1
ðŸ”¥HOT_FREEðŸ”¥,1
Bake_With_Tom,0
John_39,0
NatureFan140,0
Techie791,0
lapld_311,1
L_I_N_K_208,1
NatureFan125,0
L_I_N_K_324,1
ArtLover348,0
Techie127,0
NatureFan745,0
L_I_N_K_851,1
L_I_N_K_926,1
â–’BUTTâ–’â–’BIOâ–’,1
Techie486,0
ArtLover337,0
Travel_With_Mia,0
ArtLover846,0
Xax_CASH_42,1
Techie299,0
John_27,0
Techie270,0
John_93,0
mrdlx_729,1
Techie329,0
isfqa_990,1
L_I_N_K_163,1
â–’VPLVâ–’â–’BIOâ–’,1
Emily_77,0
Alex_89,0
John_61,0
John_22,0
Techie185,0
NatureFan106,0
AxO_CASH_63,1
John_66,0
John_88,0
John_49,0
uuofe_670,1
xoO_CASH_71,1
rgvms_682,1
uqkrr_607,1
â–’YPAKâ–’â–’BIOâ–’,1
epjes_745,1
Emily_76,0
â–’RYORâ–’â–’BIOâ–’,1
NatureFan418,0
ðŸ”¥WIN_WINðŸ”¥,1
L_I_N_K_545,1
XOX_CASH_18,1
John_45,0
Techie883,0
L_I_N_K_303,1
Emily_66,0
xxo_CASH_10,1
Techie117,0
â–’WOXSâ–’â–’BIOâ–’,1
sccfh_959,1
L_I_N_K_520,1
ArtLover370,0
NatureFan327,0
NatureFan778,0
NatureFan506,0
bnwbc_394,1
â–’LWFWâ–’â–’BIOâ–’,1
Techie831,0
Aaa_CASH_28,1
â–’LTNXâ–’â–’BIOâ–’,1
â–’ICKRâ–’â–’BIOâ–’,1
â–’EDSIâ–’â–’BIOâ–’,1
xAx_CASH_37,1
L_I_N_K_601,1
rdinw_635,1
Alex_16,0
ArtLover693,0
John_25,0
Alex_35,0
Alex_15,0
NatureFan916,0
ejran_128,1
AAo_CASH_35,1
Alex_40,0
Emily_88,0
L_I_N_K_137,1
NatureFan602,0
kpddq_473,1
NatureFan697,0
Emily_10,0
L_I_N_K_552,1
â–’SQYQâ–’â–’BIOâ–’,1
â–’LQXYâ–’â–’BIOâ–’,1
frqnp_622,1
ArtLover609,0
NatureFan804,0
aOA_CASH_85,1
Techie837,0
xbxgo_362,1
Emily_61,0
sblru_629,1
Alex_27,0
John_57,0
ooA_CASH_49,1
NatureFan463,0
L_I_N_K_429,1
â–’YHEJâ–’â–’BIOâ–’,1
L_I_N_K_548,1
Alex_47,0
Emily_40,0
msons_858,1
L_I_N_K_508,1
axA_CASH_81,1
ArtLover580,0
ArtLover708,0
NatureFan324,0
NatureFan720,0
L_I_N_K_948,1
ArtLover467,0
Alex_45,0
Techie936,0
Emily_49,0
L_I_N_K_840,1
â–’MQVGâ–’â–’BIOâ–’,1
ugnrb_239,1
Alex_88,0
â–’WKLVâ–’â–’BIOâ–’,1
Travel_With_Tom,0
â–’TWZJâ–’â–’BIOâ–’,1
Alex_48,0
âœ§Luna_Dreamerâœ§,0
Techie399,0
NatureFan261,0
NatureFan435,0
Alex_91,0
â–’XXMIâ–’â–’BIOâ–’,1
ArtLover868,0
â–’XEVCâ–’â–’BIOâ–’,1
XAX_CASH_32,1
ArtLover243,0
L_I_N_K_340,1
jrzyd_349,1
AXO_CASH_26,1
Techie748,0
John_77,0
Emily_64,0
â–’CCRMâ–’â–’BIOâ–’,1
opuvr_114,1
Techie876,0
John_64,0
oaX_CASH_60,1
ArtLover621,0
Techie495,0
Techie215,0
Techie367,0
Techie528,0
tdluu_285,1
â–’UKEQâ–’â–’BIOâ–’,1
L_I_N_K_764,1
ArtLover900,0
ArtLover633,0
Techie192,0
XXx_CASH_52,1
xOX_CASH_18,1
Pixel_Painter,0
L_I_N_K_549,1
terxf_390,1
Oxo_CASH_66,1
ðŸ…²ðŸ…·ðŸ…´ðŸ…²ðŸ…º_NOW,1
NatureFan175,0
John_59,0
â–’UVTMâ–’â–’BIOâ–’,1
ArtLover959,0
OaA_CASH_85,1
Alex_51,0
ArtLover828,0
ArtLover980,0
L_I_N_K_798,1
L_I_N_K_555,1
L_I_N_K_830,1
ArtLover522,0
â–’HGDEâ–’â–’BIOâ–’,1
NatureFan346,0
Techie929,0
ggcyh_569,1
ArtLover379,0
Techie229,0
ArtLover200,0
ArtLover731,0
gtrhe_269,1
Alex_87,0
NatureFan113,0
L_I_N_K_433,1
aao_CASH_45,1
NatureFan712,0
NatureFan863,0
vfvig_842,1
cbigz_912,1
vygex_204,1
L_I_N_K_983,1
John_16,0
fmzzt_550,1
afvfm_603,1
ojdho_973,1
xoa_CASH_37,1
ArtLover635,0
ArtLover271,0
John_12,0
Techie570,0
â–’BKXHâ–’â–’BIOâ–’,1
Emily_38,0
oAO_CASH_31,1
yroou_987,1
â–’JNBFâ–’â–’BIOâ–’,1
ArtLover910,0
ArtLover775,0
lvqdr_942,1
NatureFan961,0
Techie926,0
joyod_126,1
L_I_N_K_766,1
Alex_34,0
L_I_N_K_950,1
Alex_80,0
ArtLover730,0
NatureFan821,0
Alex_44,0
Alex_98,0
Techie872,0
payfj_863,1
â–’AMRZâ–’â–’BIOâ–’,1
Alex_59,0
Techie919,0
NatureFan930,0
John_47,0
Emily_14,0
ooo_CASH_21,1
NatureFan800,0
Techie500,0
Emily_35,0
biyiv_265,1
ArtLover163,0
ArtLover319,0
L_I_N_K_816,1
Emily_42,0
L_I_N_K_976,1
zhffx_211,1
NatureFan707,0
â–’QUMJâ–’â–’BIOâ–’,1
L_I_N_K_603,1
Techie832,0
oxa_CASH_92,1
Alex_67,0
ArtLover132,0
â–’YYSVâ–’â–’BIOâ–’,1
NatureFan782,0
zkswr_336,1
Emily_27,0
mujhz_619,1
Xxx_CASH_56,1
NatureFan880,0
Alex_56,0
Aao_CASH_42,1
John_35,0
Emily_67,0
â–’CHGYâ–’â–’BIOâ–’,1
â–’NBTUâ–’â–’BIOâ–’,1
John_34,0
NatureFan847,0
Techie850,0
â–’ZMXIâ–’â–’BIOâ–’,1
Techie471,0
ArtLover423,0
NatureFan154,0
L_I_N_K_256,1
xOX_CASH_39,1
Techie740,0
L_I_N_K_944,1
fepov_504,1
Alex_14,0
ArtLover532,0
â–’GVMBâ–’â–’BIOâ–’,1
Axx_CASH_41,1
NatureFan301,0
Techie982,0
Techie377,0
gpfde_599,1
Techie301,0
ArtLover779,0
Alex_33,0
xXX_CASH_15,1
ArtLover454,0
OaO_CASH_65,1
â–’POZPâ–’â–’BIOâ–’,1
Xxa_CASH_29,1
NatureFan758,0
NatureFan842,0
Techie697,0
Alex_86,0
John_43,0
Techie341,0
NatureFan385,0
Techie961,0
â–’XICSâ–’â–’BIOâ–’,1
Emily_51,0
NatureFan268,0
NatureFan817,0
Alex_79,0
NatureFan492,0
Ooo_CASH_96,1
â–’FKXIâ–’â–’BIOâ–’,1
NatureFan876,0
oocgs_668,1
â–’SWRCâ–’â–’BIOâ–’,1
L_I_N_K_554,1
Techie362,0
NatureFan813,0
NatureFan179,0
oxa_CASH_60,1
ooO_CASH_86,1
L_I_N_K_100,1
Techie742,0
NatureFan337,0
NatureFan947,0
Techie222,0
dxknk_366,1
qhwlr_140,1
xAO_CASH_12,1
â–’DNUJâ–’â–’BIOâ–’,1
Techie532,0
ArtLover812,0
aoo_CASH_96,1
Alex_49,0
adkex_222,1
L_I_N_K_448,1
xox_CASH_37,1
L_I_N_K_168,1
Emily_34,0
Techie575,0
Techie525,0
â–’FTMAâ–’â–’BIOâ–’,1
ArtLover300,0
NatureFan303,0
â–’VVCXâ–’â–’BIOâ–’,1
John_69,0
Alex_60,0
â–’TVEAâ–’â–’BIOâ–’,1
NatureFan281,0
XXa_CASH_14,1
wqdga_317,1
Alex_74,0
Axa_CASH_96,1
Alex_30,0
L_I_N_K_728,1
John_73,0
Techie112,0
ArtLover325,0
Alex_29,0
â–’QHECâ–’â–’BIOâ–’,1
pwiot_339,1
NatureFan212,0
â–’RSKCâ–’â–’BIOâ–’,1
NatureFan305,0
zajgu_183,1
NatureFan692,0
ArtLover305,0
Emily_20,0
xxa_CASH_23,1
ArtLover703,0
NatureFan521,0
OxX_CASH_23,1
ArtLover121,0
Techie266,0
Xax_CASH_90,1
ArtLover891,0
NatureFan491,0
ArtLover951,0
L_I_N_K_920,1
inprs_560,1
Techie566,0
â–’DKVXâ–’â–’BIOâ–’,1
ArtLover102,0
Techie732,0
â–’LOWSâ–’â–’BIOâ–’,1
ArtLover981,0
â–’GADUâ–’â–’BIOâ–’,1
OOX_CASH_46,1
L_I_N_K_493,1
ArtLover260,0
aAA_CASH_10,1
John_60,0
NatureFan752,0
Sketch_Painter,0
chlgs_833,1
NatureFan641,0
L_I_N_K_678,1
NatureFan527,0
ArtLover342,0
vrbti_364,1
â–’BEWJâ–’â–’BIOâ–’,1
mmfeg_511,1
Techie923,0
AaA_CASH_71,1
Techie717,0
L_I_N_K_486,1
oaa_CASH_19,1
xoo_CASH_26,1
ArtLover607,0
Techie636,0
John_31,0
ffats_214,1
Emily_23,0
L_I_N_K_437,1
Alex_71,0
xxX_CASH_31,1
Oaa_CASH_34,1
â–’WVNHâ–’â–’BIOâ–’,1
NatureFan469,0
L_I_N_K_242,1
ArtLover546,0
Techie353,0
ArtLover763,0
NatureFan494,0
John_41,0
L_I_N_K_635,1
L_I_N_K_672,1
plpfd_355,1
tnnud_708,1
aOA_CASH_80,1
Techie720,0
udyxj_803,1
L_I_N_K_221,1
NatureFan995,0
Techie108,0
Emily_56,0
oAO_CASH_22,1
rhvei_146,1
Emily_78,0
NatureFan177,0
ArtLover977,0
imdms_134,1
ArtLover531,0
â–’FKHXâ–’â–’BIOâ–’,1
ArtLover914,0
â–’FMUGâ–’â–’BIOâ–’,1
John_92,0
Techie433,0
zdarg_667,1
ArtLover340,0
erlsz_181,1
ArtLover127,0
L_I_N_K_108,1
â–’QYKYâ–’â–’BIOâ–’,1
Techie515,0
Emily_57,0
cmebh_682,1
mhikn_794,1
cvzue_512,1
â–’OYOVâ–’â–’BIOâ–’,1
Techie895,0
â–’VTDJâ–’â–’BIOâ–’,1
L_I_N_K_756,1
ðŸ’‹OFFER_OFFERðŸ’‹,1
â–’ZSJZâ–’â–’BIOâ–’,1
NatureFan356,0
Emily_94,0
ArtLover785,0
â–’CRXPâ–’â–’BIOâ–’,1
Techie383,0
aorhb_788,1
ArtLover616,0
Techie784,0
qsghi_522,1
Techie964,0
L_I_N_K_447,1
NatureFan675,0
NatureFan677,0
L_I_N_K_961,1
Techie281,0
Techie834,0
vivey_676,1
â–’PMUAâ–’â–’BIOâ–’,1
lalli_971,1
John_98,0
ftjbu_419,1
ewmtr_104,1
Emily_98,0
Aaa_CASH_10,1
L_I_N_K_582,1
L_I_N_K_419,1
Techie590,0
XAA_CASH_48,1
L_I_N_K_112,1
alhhg_891,1
NatureFan541,0
ArtLover248,0
NatureFan963,0
Emily_39,0
John_10,0
John_97,0
John_36,0
John_30,0
OXo_CASH_76,1
Techie447,0
â–’EHUYâ–’â–’BIOâ–’,1
â–’IZVFâ–’â–’BIOâ–’,1
John_26,0
aoo_CASH_69,1
ArtLover999,0
qwdjd_485,1
NatureFan424,0
L_I_N_K_871,1
â–’ATRRâ–’â–’BIOâ–’,1
diqyu_771,1
L_I_N_K_441,1
Techie390,0
Techie318,0
axx_CASH_78,1
Emily_26,0
XxA_CASH_63,1
â–’OFJMâ–’â–’BIOâ–’,1
Techie466,0
ArtLover862,0
NatureFan511,0
ArtLover171,0
ArtLover748,0
John_20,0
scrhe_114,1
Alex_32,0
ArtLover542,0
â–’ZKBSâ–’â–’BIOâ–’,1
ArtLover572,0
ArtLover452,0
oAo_CASH_13,1
â–’RAJKâ–’â–’BIOâ–’,1
cgnts_348,1
Alex_65,0
Alex_19,0
â–’XVLVâ–’â–’BIOâ–’,1
L_I_N_K_680,1
xxA_CASH_48,1
Oao_CASH_13,1
Emily_92,0
aOO_CASH_42,1
â–’AREVâ–’â–’BIOâ–’,1
NatureFan633,0
axX_CASH_36,1
ArtLover304,0
Emily_55,0
OOx_CASH_62,1
Alex_43,0
Techie678,0
Techie861,0
â–’GVTEâ–’â–’BIOâ–’,1
NatureFan399,0
Emily_29,0
L_I_N_K_366,1
NatureFan580,0
NatureFan280,0
Alex_72,0
Techie101,0
Alex_81,0
John_84,0
NatureFan872,0
Emily_69,0
Emily_63,0
â–’JYKQâ–’â–’BIOâ–’,1
xOA_CASH_35,1
ArtLover801,0
NatureFan558,0
NatureFan592,0
Emily_86,0
Techie454,0
Techie423,0
Techie491,0
ArtLover131,0
â–’MLZEâ–’â–’BIOâ–’,1
â–’MGGLâ–’â–’BIOâ–’,1
L_I_N_K_225,1
L_I_N_K_634,1
ughax_834,1
âœ§Echo_Dreamerâœ§,0
NatureFan575,0
suoye_571,1
Alex_90,0
Emily_90,0
izvzk_599,1
Techie476,0
Techie840,0
